{
    "status" : 200,
    "data" : [
              {
              "source" : "金牌娱乐",
              "content" : "",
              "digest" : "作为娱乐圈里比较知名的美女，我本来一直觉得杨幂和沈梦辰这两人差距不大，特别是在电视或者网络上看她们的视频或者照片，感觉各有特色，虽然杨幂当了妈，当是与沈梦辰这个",
              "text_image0" : "",
              "reply_count" : "19",
              "news_id" : "60833",
              "title" : "有了沈梦辰这个参照物，杨幂真可以说美出天际了",
              "top_image" : "http:\/\/dingyue.nosdn.127.net\/qJ8v5IqFJaWsGcCE6iMCkadodIPYe10T7E=StVatRX5361479560560351.jpg",
              "edit_time" : "1479597525",
              "text_image1" : ""
              },
              {
              "source" : "立方娱乐",
              "content" : "",
              "digest" : "明星火了之后有副业是再正常不过的事情了，韩寒就是一个典型的例子，不仅仅是一个畅销作家，而且还是一个导演，更加是一个餐厅老板。但最近关于他的风波也是不小，先后关了",
              "text_image0" : "",
              "reply_count" : "0",
              "news_id" : "60846",
              "title" : "韩寒店被迫关闭，论做生意，还是要向前辈学习",
              "top_image" : "http:\/\/dingyue.nosdn.127.net\/i5zSqxHWlca6eK2UCffy3d9iJcXVf8YO=YrOuk34rYKmA1479478965443.jpg",
              "edit_time" : "1479596652",
              "text_image1" : ""
              },
              {
              "source" : "娱乐你和我",
              "content" : "",
              "digest" : "李晨和范冰冰这一对情侣应该是圈里十分高调的一对了，自公开恋情以来就备受关注，圈中好友、网友粉丝纷纷祝福之际虽然也曾多次被传分手，但是范冰冰却明确表示过“从未想要",
              "text_image0" : "",
              "reply_count" : "0",
              "news_id" : "60824",
              "title" : "李晨到底有多爱范冰冰，耐心看完这几张照片",
              "top_image" : "http:\/\/dingyue.nosdn.127.net\/q=9n5b9iES9R0C1BlmZrpBxinZCPJkn=urbWaVR2b1KsV1479554567713.jpg",
              "edit_time" : "1479597850",
              "text_image1" : ""
              },
              {
              "source" : "摄影集",
              "content" : "",
              "digest" : "《爸爸去哪儿》让我们见识到了超多的萌娃，他们都被父母捧在手心，怕摔了怕碰了，而在节目中却有这样一个人，往往被大家忽视。在孩子们有问题的时候，给孩子们解决问题，哭",
              "text_image0" : "",
              "reply_count" : "6",
              "news_id" : "60843",
              "title" : "在《爸爸》里被人忽视，李锐的成名之路很坎坷",
              "top_image" : "http:\/\/dingyue.nosdn.127.net\/6EqiXBfwoTkjZNAwsE6J=QzFc7BsDzB1gySqL9akz4Ext1478964694127compressflag.jpg",
              "edit_time" : "1479596797",
              "text_image1" : ""
              },
              {
              "source" : "网易原创",
              "content" : "",
              "digest" : "",
              "text_image0" : "http:\/\/cms-bucket.nosdn.127.net\/05ebb42f39f444d9afcdc7e9a8fe98c120161120101248.png",
              "reply_count" : "294",
              "news_id" : "60860",
              "title" : "黄海波旧爱莫小棋露美背 大秀傲人上围",
              "top_image" : "http:\/\/cms-bucket.nosdn.127.net\/bc9e014e1dad44648d2dea0bbadd71ae20161120101248.png",
              "edit_time" : "1479607988",
              "text_image1" : "http:\/\/cms-bucket.nosdn.127.net\/8f849631464c44a1a4028308fb4d19c020161120101247.png"
              },
              {
              "source" : "八卦小编1号",
              "content" : "",
              "digest" : "没想到，一位网红的婚礼，竟然引起网民热议，不但登上热搜，直播还吸引了超过3千万人围观！11月19日，25岁的网红林珊珊结婚，新郎是富二代，人称“大白”。如果还有",
              "text_image0" : "http:\/\/dingyue.nosdn.127.net\/2dehp5=YEEBvHZr7TrNqgMQ=zp3YdfRAk6i2oNzIBLbAS1479579324798.jpg",
              "reply_count" : "3",
              "news_id" : "60855",
              "title" : "林珊珊婚礼成网红聚会，网友：对不起我又脸盲了",
              "top_image" : "http:\/\/dingyue.nosdn.127.net\/VljVX0xhiJrH4ZgOv51pNxI5m7fQq2XVfxNzFwex6GMwF1479579317226.jpg",
              "edit_time" : "1479596306",
              "text_image1" : "http:\/\/dingyue.nosdn.127.net\/fHVm6Ijv77BkEA44GbMPSVzwydOLqCDfX5=YbbpCoreTT1479579331531.jpg"
              },
              {
              "source" : "八卦先生",
              "content" : "",
              "digest" : "曾经周星驰也是备受争议，首先是向华强妻子陈岚列举周星驰五大罪状，当时就得到娱乐圈大部分明星的力挺，从前段时间《封神传奇》的阵容不难看出。后来曾经与周星驰合作多年",
              "text_image0" : "http:\/\/dingyue.nosdn.127.net\/bwEkkOu3oozYkpiTwkwGLdTNdO1zrUqwNfU6xDD17sY8S1479583852876.jpg",
              "reply_count" : "349",
              "news_id" : "60851",
              "title" : "陈国坤：周星驰是什么样的人，我最清楚！",
              "top_image" : "http:\/\/dingyue.nosdn.127.net\/sIZVhJbeU5tPH=fNdzaw7x6ASWl0uMJ3B61zxDnemB1ST1479583832170.jpg",
              "edit_time" : "1479596509",
              "text_image1" : "http:\/\/dingyue.nosdn.127.net\/8o=QDqprlc85B3T3qAp4T8IrNS0feBj5LXpkm1XSAzH=O1479583974661.jpg"
              },
              {
              "source" : "萌城少年滴柒",
              "content" : "",
              "digest" : "要说大家童年记忆里印象最深刻、影响最大的一部作品，阳仔最先想到的就是苏有朋那版本的《倚天屠龙记》了！（大伙可以底下留言，说说对你们影响最深刻的电视剧，吐槽、感慨",
              "text_image0" : "",
              "reply_count" : "0",
              "news_id" : "60849",
              "title" : "颜值曾力压高圆圆和贾静雯，现在却给八线当女配",
              "top_image" : "http:\/\/dingyue.nosdn.127.net\/EV6x9QXMEhmgPjGxxqXLDOPjzp=mvvvBMwjsq1XA=UAwq1479574497023.jpg",
              "edit_time" : "1479596578",
              "text_image1" : ""
              },
              {
              "source" : "李洪伙",
              "content" : "",
              "digest" : "港台娱乐圈曾是多少少男少女梦的天堂。多少经典歌曲、经典影视剧都成了人们心中的美好回忆。当然，给人们带来这些快乐的歌手演员们都曾红透半边天，成了家户喻晓的明星。然",
              "text_image0" : "",
              "reply_count" : "315",
              "news_id" : "60848",
              "title" : "这些曾红极一时的港星，过气后都嫁给了内地小生",
              "top_image" : "http:\/\/dingyue.nosdn.127.net\/g1nWIqFyVT00IDPQifvrNVI5vYLF31dANNgTbrxQap5sR1479566203769.jpg",
              "edit_time" : "1479596646",
              "text_image1" : ""
              },
              {
              "source" : "立方娱乐",
              "content" : "",
              "digest" : "前段时间的《欢乐颂》火遍了大江南北，让人对几个女孩印象非常深刻，她们的友谊也让我们动容，从互不相识到互相相知，让人相信人间有真情，人间有真爱。而更是一场电梯事故",
              "text_image0" : "",
              "reply_count" : "0",
              "news_id" : "60847",
              "title" : "蒋欣电梯出事先救孕妇，整个过程超暖心！",
              "top_image" : "http:\/\/dingyue.nosdn.127.net\/JJW7eelc4=jhfcPozbefYMMGP0j820lxK4EexMWbZZdp11479478508440.jpg",
              "edit_time" : "1479596647",
              "text_image1" : ""
              },
              {
              "source" : "立方娱乐",
              "content" : "",
              "digest" : "养一个宠物是再正常不过的事情了，不仅仅是明星，普通人也会这么做，而有的明星却非常的奇葩，总爱养一些，令人觉得非常不舒服的动物，比如爱吃睾丸的陈乔恩，她就专门爱养",
              "text_image0" : "",
              "reply_count" : "0",
              "news_id" : "60845",
              "title" : "怪癖？！陈乔恩爱养蚕，张馨予把蜥蜴当宝来宠爱",
              "top_image" : "http:\/\/dingyue.nosdn.127.net\/fBMvS2wnhjImK61u5Q2xfFoX0JqF0Hz3XAr9pHjoGIVPf1479478085038.jpg",
              "edit_time" : "1479596688",
              "text_image1" : ""
              },
              {
              "source" : "摄影集",
              "content" : "",
              "digest" : "说起贴膜，这是大家日常生活中都能随意见到的，贴膜是一个非常高薪的职业，他们常常活动在天桥底下。而贴膜也是一个技术活，说起明星贴膜，那带头的应该就是邓超了。邓超因",
              "text_image0" : "",
              "reply_count" : "0",
              "news_id" : "60844",
              "title" : "那些贴的一手好膜的明星，演戏之余认真开副业",
              "top_image" : "http:\/\/dingyue.nosdn.127.net\/o7=j73Ij4OfHdWbEEzqtXD2JeQFc8Y6IdssyiKPE7vWJv1478963772851.jpg",
              "edit_time" : "1479596732",
              "text_image1" : ""
              },
              {
              "source" : "傅毅",
              "content" : "",
              "digest" : "佘诗曼现在慢慢向内地发展，渐渐离开了TVB，在内地又是秀厨艺又是秀演技，收入非常客观，然而这么美丽的她，不仅仅是演技超好，而且和内地赵薇一样，投资眼光也非常好。",
              "text_image0" : "",
              "reply_count" : "0",
              "news_id" : "60842",
              "title" : "圈内“楼王”佘诗曼，投资买房狂赚钞票",
              "top_image" : "http:\/\/dingyue.nosdn.127.net\/SRjo37gjwcivM7aGkTMtUgAgNDrolsefVv28TpDaIXFxy1478952872579.jpg",
              "edit_time" : "1479596872",
              "text_image1" : ""
              },
              {
              "source" : "娱悦",
              "content" : "",
              "digest" : "这些天在电影方面，有两部电影特别吸引人，一部就是冯小刚导演的电影《我不是潘金莲》，自一问世后就遭遇了不少风波，包括范冰冰的被驱赶，冯小刚的炮轰万达等等，都是很热",
              "text_image0" : "",
              "reply_count" : "1",
              "news_id" : "60841",
              "title" : "为捧红自己电影中女主演，张艺谋、冯小刚都拼了",
              "top_image" : "http:\/\/dingyue.nosdn.127.net\/2yC2IklQBVJZWhfpWXtZe1qGnJiRcCycTnPn0pjFpxS3r1479566678471.jpg",
              "edit_time" : "1479597011",
              "text_image1" : ""
              },
              {
              "source" : "温情八卦",
              "content" : "",
              "digest" : "林丹出轨赵雅淇事件掀起了一场体育圈和娱乐圈的热议。林丹曾经苦追谢杏芳的事情，被很多粉丝拿出来，批评林丹。但又有不少人为林丹找理由：谢杏芳如今已经人老珠黄，而人家",
              "text_image0" : "",
              "reply_count" : "28",
              "news_id" : "60840",
              "title" : "要是老婆丑就能出轨，那么周润发、葛优就亏大了",
              "top_image" : "http:\/\/dingyue.nosdn.127.net\/OgU8d6Eed5POkTdCBQbu0=Maaxr8YiGvHmsZnZ2tQ91C81479570344277.jpg",
              "edit_time" : "1479597111",
              "text_image1" : ""
              },
              {
              "source" : "娱悦",
              "content" : "",
              "digest" : "在女星范冰冰的演艺生涯中，冯小刚绝对是其一位重要的“贵人”。纵观范冰冰获奖的作品，也主要是冯小刚和其合作的作品。在十二年前，范冰冰出演了冯小刚的电影《手机》，在",
              "text_image0" : "",
              "reply_count" : "54",
              "news_id" : "60839",
              "title" : "冯小刚力捧范爷放弃白百何，背后原因耐人寻味！",
              "top_image" : "http:\/\/dingyue.nosdn.127.net\/bT5UUzCJQOLaY1AYOI0RrBzI4DAw2tFX3wy3w8BrMZj8t1479566120677.jpg",
              "edit_time" : "1479597114",
              "text_image1" : ""
              },
              {
              "source" : "金牌娱乐",
              "content" : "",
              "digest" : "明星在一起合照或者合影的时候，一般最怕旁边有高个子的，为什么呢？那样就真的显得自己太渺小了，而且一照出来很多时候都会成为大家热烈讨论的重点。比如下面几张虽然小四",
              "text_image0" : "",
              "reply_count" : "0",
              "news_id" : "60837",
              "title" : "身高不够踮脚来凑，鹿晗就是这么直白的boy！",
              "top_image" : "http:\/\/dingyue.nosdn.127.net\/tiqWYPHnCOMyFsZg1v=xYcMVTVLAYOW5uYMzcAz=CAeyc1479597390911.jpg",
              "edit_time" : "1479597418",
              "text_image1" : ""
              },
              {
              "source" : "金牌娱乐",
              "content" : "",
              "digest" : "熟悉娱乐圈的朋友们都知道，张翰和郑爽本来是相当被大家看好的一对，两人因《流星雨》结缘，并且在事业起步的阶段一起相互扶持，共同走过了好几年的风风雨雨，可以说如果按",
              "text_image0" : "",
              "reply_count" : "2",
              "news_id" : "60835",
              "title" : "张翰要取古力娜扎当老婆，是因为和郑爽长得像？",
              "top_image" : "http:\/\/dingyue.nosdn.127.net\/BpXav=dpXEcsvLoq1pmRf8PMp0wcBUdnuKWRdoc5HltjN1479560664022.jpg",
              "edit_time" : "1479597508",
              "text_image1" : ""
              },
              {
              "source" : "任木木",
              "content" : "",
              "digest" : "近日神仙姐姐刘亦菲身材臃肿，体态丰盈。一张可人的清纯小脸突然变成方脸！下巴也出来了，怎么回事呢？神仙姐姐怀孕了吗？诸多粉丝们心疼不已。一定是有原因的，刘亦菲不说",
              "text_image0" : "",
              "reply_count" : "0",
              "news_id" : "60832",
              "title" : "刘亦菲身材臃肿，体态丰盈，网友吐槽:怀孕了？",
              "top_image" : "http:\/\/dingyue.nosdn.127.net\/GYleDiqjD5n0NBsnmDRkdpG0BmJ2e6qCdrNNgELdcxo9O1479555906276.jpg",
              "edit_time" : "1479597648",
              "text_image1" : ""
              },
              {
              "source" : "任木木",
              "content" : "",
              "digest" : "吴宗宪女儿吴宗宪女儿吴姗儒主持的节目举办记者会，爸爸吴宗宪意外现身为其加油打气，女方吴姗儒献吻老爸，十分温馨。张楚楚宋佳女儿楚楚多才多艺，选择回到内地就读上海戏",
              "text_image0" : "",
              "reply_count" : "0",
              "news_id" : "60831",
              "title" : "为女儿“出名”背后出谋划策的七大明星父母",
              "top_image" : "http:\/\/dingyue.nosdn.127.net\/rhHFPtw=1UzwHO4dt88yhXiAsFY3tpfA2l9KUJ6T6pd7w1479556031476.jpg",
              "edit_time" : "1479597665",
              "text_image1" : ""
              },
              {
              "source" : "任木木",
              "content" : "",
              "digest" : "最近，关于明星助理的事情引起网友评论。明星耍大牌并不只是针对粉丝，对自己身边的助理也是尖酸刻薄。比如那英曾被拍到坐在椅子上，助理站着给他扇扇子，而那英却满脸的不",
              "text_image0" : "",
              "reply_count" : "0",
              "news_id" : "60830",
              "title" : "孙俪唐嫣被骂确实是有原因的 不信跟赵丽颖比一比",
              "top_image" : "http:\/\/dingyue.nosdn.127.net\/ux3Pkmsgc1Sv96V0H3gFxIcaUdB3VdkMt36qwwaNCDSF51479556448525.jpg",
              "edit_time" : "1479597678",
              "text_image1" : ""
              },
              {
              "source" : "落雪是花",
              "content" : "",
              "digest" : "55岁歌手郑智化活跃于90年代，拥有《星星点灯》等不少经典歌曲，近年多在内地演艺圈发展的他，日前突然有感而发，在微博写下61字痛批演艺圈，中肯又犀利的见解被网友",
              "text_image0" : "",
              "reply_count" : "3",
              "news_id" : "60829",
              "title" : "郑智化炮轰娱乐圈乱象，言语激烈，却获网友支持",
              "top_image" : "http:\/\/dingyue.nosdn.127.net\/rQZYJb1WisRD6WRnxR9U3IKScgqBZgZds=qh4HVKajPMG1479597672978.png",
              "edit_time" : "1479597696",
              "text_image1" : ""
              },
              {
              "source" : "娱乐你和我",
              "content" : "",
              "digest" : "刘恺威与王鸥八卦，很多网友心疼杨幂。杨幂与李易峰八卦，很多网友心疼刘恺威。这次情况有点不一样了，刘恺威与王鸥八卦，很多网友不仅心疼杨幂，还心疼起杨幂好友胡歌起来",
              "text_image0" : "",
              "reply_count" : "0",
              "news_id" : "60828",
              "title" : "美貌不输杨幂，一身干干净净，可惜亿万富豪不要",
              "top_image" : "http:\/\/dingyue.nosdn.127.net\/nUQQUAeNecbRKtpoQuRDTJsOr=i8RAxF0YQ8mhO2OPu=b1479554942937.jpg",
              "edit_time" : "1479597773",
              "text_image1" : ""
              },
              {
              "source" : "娱乐你和我",
              "content" : "",
              "digest" : "1、庾澄庆，都知道云南有庾澄庆的私家园林，庾家花园现在还是云南的重点保护文物单位。2、张学友，据说身家过亿，但是和朋友亲人在外就餐没吃完都会打包。有次出席朋友的",
              "text_image0" : "",
              "reply_count" : "0",
              "news_id" : "60827",
              "title" : "腰缠万贯从不炫富！这才是偶像该树立的榜样",
              "top_image" : "http:\/\/dingyue.nosdn.127.net\/6rJmDTrmMYhk7RmOh6Ks6dSEhLjvUVo8q9EwgJgNoPXBm1479554747194.jpg",
              "edit_time" : "1479597782",
              "text_image1" : ""
              },
              {
              "source" : "娱乐你和我",
              "content" : "",
              "digest" : "杨洋现在可是火得一塌糊涂啊，名气一路高涨，有着无数的小粉丝们。他的恋情也是吃瓜群众最关心的。镜头面前的他对大部分女星都保持一定距离，高冷范十足，让人揣测不透。今",
              "text_image0" : "",
              "reply_count" : "0",
              "news_id" : "60826",
              "title" : "杨洋对唐嫣刘亦菲全程高冷脸 对郑爽却笑的开心",
              "top_image" : "http:\/\/dingyue.nosdn.127.net\/Q=fYGVwjK4sPXzjGz3bzODnu3FcaLXmMe2nbDmIcJvfRv1479554715689.jpg",
              "edit_time" : "1479597795",
              "text_image1" : ""
              },
              {
              "source" : "娱乐你和我",
              "content" : "",
              "digest" : "“大哥”成龙“大哥”一词就是对成龙一生最好的评价，他是华人演员里当之无愧的第一人，因为成龙，让世界上更多人了解到华语电影，这个影响已经远远超出了功夫片的范围。“",
              "text_image0" : "",
              "reply_count" : "2",
              "news_id" : "60825",
              "title" : "\"一神两哥三爷\"!这六人就代表着不可逾越的神话",
              "top_image" : "http:\/\/dingyue.nosdn.127.net\/Owve5sJAKKB09m=i9gz4TPZXwg4zk1qjqbaIRMpeqhfK=1479554863779.jpg",
              "edit_time" : "1479597816",
              "text_image1" : ""
              },
              {
              "source" : "紫火",
              "content" : "",
              "digest" : "最近，王宝强和马蓉的风头算是被抢的一干二净，大家关注的不再是他们俩离婚那点破事，而是转而关注了林丹出轨这种大事。一个是娱乐圈明星，一个是体育界明星，旗鼓相当的情",
              "text_image0" : "",
              "reply_count" : "10",
              "news_id" : "60823",
              "title" : "阴谋论？林丹出轨为什么拖了一个月才被爆出来？",
              "top_image" : "http:\/\/dingyue.nosdn.127.net\/oCb8tUZ2bVficlZvdRK1VuUxTf0jLhYPT4tfhWxQCCgoA1479555170305compressflag.jpg",
              "edit_time" : "1479597892",
              "text_image1" : ""
              },
              {
              "source" : "紫火",
              "content" : "",
              "digest" : "以下根据明星的年收入排行。1.李连杰，4.65亿。如今的他，片酬早就是27年前的1亿倍，超过了成龙。这么说吧，李连杰在好莱坞的身价是1500万美金，折合就是1亿",
              "text_image0" : "",
              "reply_count" : "1",
              "news_id" : "60822",
              "title" : "娱乐圈超有钱的明星是谁，第一名还真是实至名归",
              "top_image" : "http:\/\/dingyue.nosdn.127.net\/3S4i7ib4eJEG3MUMblc9j=COp3p7uk6IfTWOJeNDfyxiI1479555136695.jpg",
              "edit_time" : "1479597902",
              "text_image1" : ""
              },
              {
              "source" : "紫火",
              "content" : "",
              "digest" : "这段时间，王宝强、刘恺威、林丹到遭遇了被劈腿或出轨的传闻，而他们之前的甜蜜爱情都曾被祝福。有网友扒出娱乐圈6对不被看好的爱情，他们却生活甜蜜。第一对就是谢娜和张",
              "text_image0" : "",
              "reply_count" : "0",
              "news_id" : "60821",
              "title" : "爱情不被看好却非常甜蜜，最后1对让人嫉妒！",
              "top_image" : "http:\/\/dingyue.nosdn.127.net\/CIOHiW1kBsS66curyRwYFAosf2ytzI5PeyofmQ05t0P8p1479555277098.jpg",
              "edit_time" : "1479597912",
              "text_image1" : ""
              }
              ],
    "count" : "",
    "error" : ""
}