{
  "name": "FXForms",
  "version": "1.2.14",
  "license": "zlib",
  "summary": "FXForms is an Objective-C library for easily creating table-based forms on iOS. It is ideal for settings pages or user data entry tasks.",
  "homepage": "https://github.com/nicklockwood/FXForms",
  "authors": "Nick Lockwood",
  "source": {
    "git": "https://github.com/nicklockwood/FXForms.git",
    "tag": "1.2.14"
  },
  "source_files": "FXForms/FXForms.{h,m}",
  "requires_arc": true,
  "platforms": {
    "ios": "5.0"
  }
}