{
  "warnings": [
    {
      "file": "/Users/rnystrom/Development/iOS/IGListKit/IGListKit/IGListAdapterUpdateListener.h",
      "line": 17,
      "symbol": "IGListAdapterUpdateType",
      "symbol_kind": "sourcekitten.source.lang.objc.decl.typedef",
      "warning": "undocumented"
    },
    {
      "file": "/Users/rnystrom/Development/iOS/IGListKit/IGListKit/IGListDiff.h",
      "line": 19,
      "symbol": "IGListDiffOption",
      "symbol_kind": "sourcekitten.source.lang.objc.decl.typedef",
      "warning": "undocumented"
    },
    {
      "file": "/Users/rnystrom/Development/iOS/IGListKit/IGListKit/IGListExperiments.h",
      "line": 15,
      "symbol": "IGListExperiment",
      "symbol_kind": "sourcekitten.source.lang.objc.decl.typedef",
      "warning": "undocumented"
    }
  ],
  "source_directory": "/Users/rnystrom/Development/iOS/IGListKit"
}