[{
	"name": "AMELIA"
}, 
{
	"name": "OLIVIA"
}, 
{
	"name": "EMILY"
}, 
{
	"name": "AVA"
}, 
{
	"name": "ISLA"
}, 
{
	"name": "JESSICA"
}, 
{
	"name": "POPPY"
}, 
{
	"name": "ISABELLA"
}, 
{
	"name": "SOPHIE"
}, 
{
	"name": "MIA"
}, 
{
	"name": "RUBY"
}, 
{
	"name": "LILY"
}, 
{
	"name": "GRACE"
}, 
{
	"name": "EVIE"
}, 
{
	"name": "SOPHIA"
}, 
{
	"name": "ELLA"
}, 
{
	"name": "SCARLETT"
}, 
{
	"name": "CHLOE"
}, 
{
	"name": "ISABELLE"
}, 
{
	"name": "FREYA"
}, 
{
	"name": "CHARLOTTE"
}, 
{
	"name": "SIENNA"
}, 
{
	"name": "DAISY"
}, 
{
	"name": "PHOEBE"
}, 
{
	"name": "MILLIE"
}, 
{
	"name": "EVA"
}, 
{
	"name": "ALICE"
}, 
{
	"name": "LUCY"
}, 
{
	"name": "FLORENCE"
}, 
{
	"name": "SOFIA"
}, 
{
	"name": "LAYLA"
}, 
{
	"name": "LOLA"
}, 
{
	"name": "HOLLY"
}, 
{
	"name": "IMOGEN"
}, 
{
	"name": "MOLLY"
}, 
{
	"name": "MATILDA"
}, 
{
	"name": "LILLY"
}, 
{
	"name": "ROSIE"
}, 
{
	"name": "ELIZABETH"
}, 
{
	"name": "ERIN"
}, 
{
	"name": "MAISIE"
}, 
{
	"name": "LEXI"
}, 
{
	"name": "ELLIE"
}, 
{
	"name": "HANNAH"
}, 
{
	"name": "EVELYN"
}, 
{
	"name": "ABIGAIL"
}, 
{
	"name": "ELSIE"
}, 
{
	"name": "SUMMER"
}, 
{
	"name": "MEGAN"
}, 
{
	"name": "JASMINE"
}, 
{
	"name": "MAYA"
}, 
{
	"name": "AMELIE"
}, 
{
	"name": "LACEY"
}, 
{
	"name": "WILLOW"
}, 
{
	"name": "EMMA"
}, 
{
	"name": "BELLA"
}, 
{
	"name": "ELEANOR"
}, 
{
	"name": "ESME"
}, 
{
	"name": "ELIZA"
}, 
{
	"name": "GEORGIA"
}, 
{
	"name": "HARRIET"
}, 
{
	"name": "GRACIE"
}, 
{
	"name": "ANNABELLE"
}, 
{
	"name": "EMILIA"
}, 
{
	"name": "AMBER"
}, 
{
	"name": "IVY"
}, 
{
	"name": "BROOKE"
}, 
{
	"name": "ROSE"
}, 
{
	"name": "ANNA"
}, 
{
	"name": "ZARA"
}, 
{
	"name": "LEAH"
}, 
{
	"name": "MOLLIE"
}, 
{
	"name": "MARTHA"
}, 
{
	"name": "FAITH"
}, 
{
	"name": "HOLLIE"
}, 
{
	"name": "AMY"
}, 
{
	"name": "BETHANY"
}, 
{
	"name": "VIOLET"
}, 
{
	"name": "KATIE"
}, 
{
	"name": "MARYAM"
}, 
{
	"name": "FRANCESCA"
}, 
{
	"name": "JULIA"
}, 
{
	"name": "MARIA"
}, 
{
	"name": "DARCEY"
}, 
{
	"name": "ISABEL"
}, 
{
	"name": "TILLY"
}, 
{
	"name": "MADDISON"
}, 
{
	"name": "VICTORIA"
}, 
{
	"name": "ISOBEL"
}, 
{
	"name": "NIAMH"
}, 
{
	"name": "SKYE"
}, 
{
	"name": "MADISON"
}, 
{
	"name": "DARCY"
}, 
{
	"name": "AISHA"
}, 
{
	"name": "BEATRICE"
}, 
{
	"name": "SARAH"
}, 
{
	"name": "ZOE"
}, 
{
	"name": "PAIGE"
}, 
{
	"name": "HEIDI"
}, 
{
	"name": "LYDIA"
}, 
{
	"name": "SARA"
}, 
{
	"name": "OLIVER"
}, 
{
	"name": "JACK"
}, 
{
	"name": "HARRY"
}, 
{
	"name": "JACOB"
}, 
{
	"name": "CHARLIE"
}, 
{
	"name": "THOMAS"
}, 
{
	"name": "OSCAR"
}, 
{
	"name": "WILLIAM"
}, 
{
	"name": "JAMES"
}, 
{
	"name": "GEORGE"
}, 
{
	"name": "ALFIE"
}, 
{
	"name": "JOSHUA"
}, 
{
	"name": "NOAH"
}, 
{
	"name": "ETHAN"
}, 
{
	"name": "MUHAMMAD"
}, 
{
	"name": "ARCHIE"
}, 
{
	"name": "LEO"
}, 
{
	"name": "HENRY"
}, 
{
	"name": "JOSEPH"
}, 
{
	"name": "SAMUEL"
}, 
{
	"name": "RILEY"
}, 
{
	"name": "DANIEL"
}, 
{
	"name": "MOHAMMED"
}, 
{
	"name": "ALEXANDER"
}, 
{
	"name": "MAX"
}, 
{
	"name": "LUCAS"
}, 
{
	"name": "MASON"
}, 
{
	"name": "LOGAN"
}, 
{
	"name": "ISAAC"
}, 
{
	"name": "BENJAMIN"
}, 
{
	"name": "DYLAN"
}, 
{
	"name": "JAKE"
}, 
{
	"name": "EDWARD"
}, 
{
	"name": "FINLEY"
}, 
{
	"name": "FREDDIE"
}, 
{
	"name": "HARRISON"
}, 
{
	"name": "TYLER"
}, 
{
	"name": "SEBASTIAN"
}, 
{
	"name": "ZACHARY"
}, 
{
	"name": "ADAM"
}, 
{
	"name": "THEO"
}, 
{
	"name": "JAYDEN"
}, 
{
	"name": "ARTHUR"
}, 
{
	"name": "TOBY"
}, 
{
	"name": "LUKE"
}, 
{
	"name": "LEWIS"
}, 
{
	"name": "MATTHEW"
}, 
{
	"name": "HARVEY"
}, 
{
	"name": "HARLEY"
}, 
{
	"name": "DAVID"
}, 
{
	"name": "RYAN"
}, 
{
	"name": "TOMMY"
}, 
{
	"name": "MICHAEL"
}, 
{
	"name": "REUBEN"
}, 
{
	"name": "NATHAN"
}, 
{
	"name": "BLAKE"
}, 
{
	"name": "MOHAMMAD"
}, 
{
	"name": "JENSON"
}, 
{
	"name": "BOBBY"
}, 
{
	"name": "LUCA"
}, 
{
	"name": "CHARLES"
}, 
{
	"name": "FRANKIE"
}, 
{
	"name": "DEXTER"
}, 
{
	"name": "KAI"
}, 
{
	"name": "ALEX"
}, 
{
	"name": "CONNOR"
}, 
{
	"name": "LIAM"
}, 
{
	"name": "JAMIE"
}, 
{
	"name": "ELIJAH"
}, 
{
	"name": "STANLEY"
}, 
{
	"name": "LOUIE"
}, 
{
	"name": "JUDE"
}, 
{
	"name": "CALLUM"
}, 
{
	"name": "HUGO"
}, 
{
	"name": "LEON"
}, 
{
	"name": "ELLIOT"
}, 
{
	"name": "LOUIS"
}, 
{
	"name": "THEODORE"
}, 
{
	"name": "GABRIEL"
}, 
{
	"name": "OLLIE"
}, 
{
	"name": "AARON"
}, 
{
	"name": "FREDERICK"
}, 
{
	"name": "EVAN"
}, 
{
	"name": "ELLIOTT"
}, 
{
	"name": "OWEN"
}, 
{
	"name": "TEDDY"
}, 
{
	"name": "FINLAY"
}, 
{
	"name": "CALEB"
}, 
{
	"name": "IBRAHIM"
}, 
{
	"name": "RONNIE"
}, 
{
	"name": "FELIX"
}, 
{
	"name": "AIDEN"
}, 
{
	"name": "CAMERON"
}, 
{
	"name": "AUSTIN"
}, 
{
	"name": "KIAN"
}, 
{
	"name": "RORY"
}, 
{
	"name": "SETH"
}, 
{
	"name": "ROBERT"
}, 
{
	"name": "ALBERT"
}, 
{
	"name": "SONNY"
}]