{
    "rows": [
             {
             "size":240,
             "padding":"{10,10,5,10}",
             "space":5,
             "cols":[
                     {
                     "size":"40%",
                     "anchor":true,
                     "tag":1000,
                     "padding":"{0,20,0,20}",
                     "rows":[
                             {
                             "size":35
                             },
                             {
                             "size":30,
                             }
                             ]
                     },
                     {
                     "size":"30%",
                     "space":5,
                     "rows":[
                             {
                             "size":"fill",
                             "tag":1001,
                             "anchor":true,
                             "rows":[
                                     {
                                     "size":30
                                     }
                                     ]
                             },
                             {
                             "size":"fill",
                             "anchor":true,
                             "tag":1001,
                             "rows":[
                                     {
                                     "size":30
                                     }
                                     ]
                             }
                             ]
                     },
                     {
                     "size":"30%",
                     "space":5,
                     "rows":[
                             {
                             "size":"fill",
                             "tag":1001,
                             "anchor":true,
                             "rows":[
                                     {
                                     "size":30
                                     }
                                     ]
                             },
                             {
                             "size":"fill",
                             "anchor":true,
                             "tag":1001,
                             "rows":[
                                     {
                                     "size":30
                                     }
                                     ]
                             }
                             ]
                     }
                     ]
             },
             {
             "size":"fill",
             "top-borderline": {
             "thick": 10,
             "offset":5,
             "color": "#D1D1D1"
             },
             "space":5,
             "padding":"{10,10,10,10}",
             "rows":[
                     {
                     "size":40,
                     "tag":1002
                     },
                     {
                     "size":"fill",
                     "space":10,
                     "cols":[
                             {
                             "size":"fill",
                             "anchor":true,
                             "tag":1003,
                             "rows":[
                                     {
                                     "size":"fill",
                                     "placeholder":true
                                     },
                                     {
                                     "size":50
                                     }
                                     ]
                             },
                             {
                             "size":"fill",
                             "anchor":true,
                             "tag":1003,
                             "rows":[
                                     {
                                     "size":"fill",
                                     "placeholder":true
                                     },
                                     {
                                     "size":50
                                     }
                                     ]
                             }
                             ]
                     },
                     {
                     "size":25,
                     "bottom-borderline": {
                     "thick": 1,
                     "color": "#D1D1D1"
                     }
                     },
                     {
                     "size":40,
                     "tag":1004,
                     "padding":"{10,5,10,5}",
                     "cols":[
                         {
                             "size":"fill"
                         },
                         {
                             "size":"wrap"
                         }
                     ]
                     }
                     
                     ]
             }
         ]
}


