{
    "padding":"{10,0,10,0}",
    "tag": 1000,
    "rows": [
             {
             "size":120
             },
             {
             "size":20
             },
             {
             "size":150,
             "tag":1001,
             "cols":[
                 {
                     "size":"fill",
                     "rows":[
                     {
                         "size": "fill",
                          "cols":[
                              {
                              "size":"20%"
                              },
                              {
                              "size":"20%"
                              },
                              {
                              "size":"20%"
                              },{
                              "size":"20%"
                              },
                              {
                              "size":"20%"
                              }
                          ]
                     },
                     {
                         "size": "fill",
                         "cols":[
                                 {
                                 "size":"20%"
                                 },
                                 {
                                 "size":"20%"
                                 },
                                 {
                                 "size":"20%"
                                 },{
                                 "size":"20%"
                                 },
                                 {
                                 "size":"20%"
                                 }
                                 ]
                     }
                     ]
                 }
             ]
             },
             {
             "size":5,
             },
             {
             "size": "fill",
             "cols": [
                      {
                      "size": "50%",
                      "padding":"{0,5,0,5}",
                      "right-borderline": {
                      "head": 1,
                      "tail": 1,
                      "offset": 1,
                      "thick": 1,
                      "color": "#EEEEEE"
                      },
                      "bottom-borderline": {
                      "head": 1,
                      "tail": 1,
                      "offset": 1,
                      "thick": 1,
                      "color": "#EEEEEE"
                      },
                      "tag":1002,
                      "action":"handleTap:",
                      "rows": [
                               {
                               "size": 40,
                               "cols": [
                                        {
                                        "anchor": true,
                                        "size": 80,
                                        "padding":"{5,5,5,5}",
                                        "space": 5,
                                        "rows":[
                                                {
                                                
                                                "size": "fill"
                                                },
                                                {
                                                "size": "fill"
                                                }
                                                ]
                                        },
                                        {
                                        "size": "fill",
                                        "padding":"{5,5,5,5}",
                                        "space": 5,
                                        "rows":[
                                                {
                                                
                                                "size": "fill"
                                                },
                                                {
                                                "size": "fill"
                                                }
                                                ]
                                        }
                                        ]
                               },
                               {
                               "space": 5,
                               "size": "fill",
                               "cols": [
                                        {
                                        "padding": "{5, 5, 5, 5}",
                                        "size": "fill"
                                        },
                                        {
                                        "padding": "{5, 5, 5, 5}",
                                        "size": "fill"
                                        }
                                        ]
                               },
                               {
                               "overlap":"bottom|left",
                               "padding":"{0,0,5,0}"
                               }
                               ]
                      },
                      {
                      "size": "50%",
                      "padding":"{0,5,0,5}",
                      "right-borderline": {
                      "head": 1,
                      "tail": 1,
                      "offset": 1,
                      "thick": 1,
                      "color": "#EEEEEE"
                      },
                      "bottom-borderline": {
                      "head": 1,
                      "tail": 1,
                      "offset": 1,
                      "thick": 1,
                      "color": "#EEEEEE"
                      },
                      "action":"handleTap:",
                      "tag":1003,
                      "rows": [
                               {
                               "size": "fill",
                               "cols": [
                                        {
                                        "size": "fill",
                                        "rows":[
                                                {
                                                "size": "wrap"
                                                },
                                                {
                                                "size": "wrap"
                                                },
                                                {
                                                "padding": "{5, 5, 5, 5}",
                                                "size": "wrap"
                                                }
                                                ]
                                        },
                                        {
                                        "padding": "{5, 5, 5, 5}",
                                        "size": "fill"
                                        }
                                        ]
                               }
                               ]
                      }
                      ]
             },
             
             {
             "size": "fill",
             "cols": [
                      {
                      "size": "50%",
                      "padding":"{0,5,0,5}",
                      "right-borderline": {
                      "head": 1,
                      "tail": 1,
                      "offset": 1,
                      "thick": 1,
                      "color": "#EEEEEE"
                      },
                      "bottom-borderline": {
                      "head": 1,
                      "tail": 1,
                      "offset": 1,
                      "thick": 1,
                      "color": "#EEEEEE"
                      },
                      "tag":1003,
                      "action":"handleTap:",
                      "rows": [
                               {
                               "size": "fill",
                               "cols": [
                                        {
                                        "size": "fill",
                                        "rows":[
                                                {
                                                "size": "wrap"
                                                },
                                                {
                                                "size": "wrap"
                                                },
                                                {
                                                "padding": "{5, 5, 5, 5}",
                                                "size": "wrap"
                                                }
                                                ]
                                        },
                                        {
                                        "padding": "{5, 5, 5, 5}",
                                        "size": "fill"
                                        }
                                        ]
                               }
                               ]
                      },
                      {
                      "size": "50%",
                      "padding":"{0,5,0,5}",
                      "right-borderline": {
                      "head": 1,
                      "tail": 1,
                      "offset": 1,
                      "thick": 1,
                      "color": "#EEEEEE"
                      },
                      "bottom-borderline": {
                      "head": 1,
                      "tail": 1,
                      "offset": 1,
                      "thick": 1,
                      "color": "#EEEEEE"
                      },
                      "tag":1003,
                      "action":"handleTap:",
                      "rows": [
                               {
                               "size": "fill",
                               "cols": [
                                        {
                                        "size": "fill",
                                        "rows":[
                                                {
                                                "size": "wrap"
                                                },
                                                {
                                                "size": "wrap"
                                                },
                                                {
                                                "padding": "{5, 5, 5, 5}",
                                                "size": "wrap"
                                                }
                                                ]
                                        },
                                        {
                                        "padding": "{5, 5, 5, 5}",
                                        "size": "fill"
                                        }
                                        ]
                               },
                               {
                               "overlap":"bottom|left",
                               "padding":"{0,0,5,0}"
                               }
                               ]
                      }
                      ]
             }
             
             ]
}

