{
  "images" : [
    {
      "idiom" : "universal",
      "scale" : "1x"
    },
    {
      "resizing" : {
        "mode" : "9-part",
        "center" : {
          "mode" : "tile",
          "width" : 2,
          "height" : 29
        },
        "cap-insets" : {
          "bottom" : 37,
          "top" : 30,
          "right" : 73,
          "left" : 34
        }
      },
      "idiom" : "universal",
      "filename" : "pop_black_backGround@2x.png",
      "scale" : "2x"
    },
    {
      "resizing" : {
        "mode" : "9-part",
        "center" : {
          "mode" : "tile",
          "width" : 1,
          "height" : 29
        },
        "cap-insets" : {
          "bottom" : 49,
          "top" : 45,
          "right" : 117,
          "left" : 67
        }
      },
      "idiom" : "universal",
      "filename" : "pop_black_backGround@3x.png",
      "scale" : "3x"
    }
  ],
  "info" : {
    "version" : 1,
    "author" : "xcode"
  }
}