{
    "adult": "number",
    "backdrop_path?": "string",
    "belongs_to_collection?": {
        "backdrop_path?": "string",
        "id": "number",
        "name": "string",
        "poster_path?": "string"
    },
    "budget": "number",
    "genres": [
               {
               "id": "number",
               "name": "string"
               },
               {
               "id": "number",
               "name": "string"
               },
               {
               "id": "number",
               "name": "string"
               }
               ],
    "homepage?": "string",
    "id": "number",
    "imdb_id?": "string",
    "original_title": "string",
    "overview?": "string",
    "popularity": "number",
    "poster_path": "string",
    "production_companies": [
                             {
                             "name": "string",
                             "id": "number"
                             }
                             ],
    "production_countries": [
                             {
                             "iso_3166_1": "string",
                             "name": "string"
                             },
                             {
                             "iso_3166_1": "string",
                             "name": "string"
                             }
                             ],
    "release_date?": "string",
    "revenue": "number",
    "runtime": "number",
    "spoken_languages?": [
                         {
                         "iso_639_1?": "string",
                         "name?": "string"
                         }
                         ],
    "status": "string",
    "tagline?": "string",
    "title": "string",
    "vote_average": "number",
    "vote_count": "number"
}