[
     { "credentialName" : "[龇牙]" },
     { "credentialName" : "[调皮]" },
     { "credentialName" : "[流汗]" },
     { "credentialName" : "[偷笑]" },
     { "credentialName" : "[再见]" },
     { "credentialName" : "[敲打]" },
     { "credentialName" : "[擦汗]" },
     { "credentialName" : "[猪头]" },
     { "credentialName" : "[玫瑰]" },
     { "credentialName" : "[流泪]" },
     { "credentialName" : "[大哭]" },
     { "credentialName" : "[嘘]" },
     { "credentialName" : "[酷]" },
     { "credentialName" : "[抓狂]" },
     { "credentialName" : "[委屈]" },
     { "credentialName" : "[便便]" },
     { "credentialName" : "[炸弹]" },
     { "credentialName" : "[菜刀]" },
     { "credentialName" : "[可爱]" },
     { "credentialName" : "[色]" },
     { "credentialName" : "[害羞]" },
     { "credentialName" : "[得意]" },
     { "credentialName" : "[吐]" },
     { "credentialName" : "[微笑]" },
     { "credentialName" : "[怒]" },
     { "credentialName" : "[尴尬]" },
     { "credentialName" : "[惊恐]" },
     { "credentialName" : "[冷汗]" },
     { "credentialName" : "[爱心]" },
     { "credentialName" : "[示爱]" },
     { "credentialName" : "[白眼]" },
     { "credentialName" : "[傲慢]" },
     { "credentialName" : "[难过]" },
     { "credentialName" : "[惊讶]" },
     { "credentialName" : "[疑问]" },
     { "credentialName" : "[困]" },
     { "credentialName" : "[么么哒]" },
     { "credentialName" : "[憨笑]" },
     { "credentialName" : "[爱情]" },
     { "credentialName" : "[衰]" },
     { "credentialName" : "[撇嘴]" },
     { "credentialName" : "[阴险]" },
     { "credentialName" : "[奋斗]" },
     { "credentialName" : "[发呆]" },
     { "credentialName" : "[右哼哼]" },
     { "credentialName" : "[抱抱]" },
     { "credentialName" : "[坏笑]" },
     { "credentialName" : "[飞吻]" },
     { "credentialName" : "[鄙视]" },
     { "credentialName" : "[晕]" },
     { "credentialName" : "[大兵]" },
     { "credentialName" : "[可怜]" },
     { "credentialName" : "[强]" },
     { "credentialName" : "[弱]" },
     { "credentialName" : "[握手]" },
     { "credentialName" : "[胜利]" },
     { "credentialName" : "[抱拳]" },
     { "credentialName" : "[凋谢]" },
     { "credentialName" : "[米饭]" },
     { "credentialName" : "[蛋糕]" },
     { "credentialName" : "[西瓜]" },
     { "credentialName" : "[啤酒]" },
     { "credentialName" : "[瓢虫]" },
     { "credentialName" : "[勾引]" },
     { "credentialName" : "[OK]" },
     { "credentialName" : "[爱你]" },
     { "credentialName" : "[咖啡]" },
     { "credentialName" : "[月亮]" },
     { "credentialName" : "[刀]" },
     { "credentialName" : "[发抖]" },
     { "credentialName" : "[差劲]" },
     { "credentialName" : "[拳头]" },
     { "credentialName" : "[心碎了]" },
     { "credentialName" : "[太阳]" },
     { "credentialName" : "[礼物]" },
     { "credentialName" : "[皮球]" },
     { "credentialName" : "[骷髅]" },
     { "credentialName" : "[挥手]" },
     { "credentialName" : "[闪电]" },
     { "credentialName" : "[饥饿]" },
     { "credentialName" : "[困]" },
     { "credentialName" : "[咒骂]" },
     { "credentialName" : "[折磨]" },
     { "credentialName" : "[抠鼻]" },
     { "credentialName" : "[鼓掌]" },
     { "credentialName" : "[糗大了]" },
     { "credentialName" : "[左哼哼]" },
     { "credentialName" : "[打哈欠]" },
     { "credentialName" : "[快哭了]" },
     { "credentialName" : "[吓]" },
     { "credentialName" : "[篮球]" },
     { "credentialName" : "[乒乓]" },
     { "credentialName" : "[NO]" },
     { "credentialName" : "[跳跳]" },
     { "credentialName" : "[怄火]" },
     { "credentialName" : "[转圈]" },
     { "credentialName" : "[磕头]" },
     { "credentialName" : "[回头]" },
     { "credentialName" : "[跳绳]" },
     { "credentialName" : "[激动]" },
     { "credentialName" : "[街舞]" },
     { "credentialName" : "[献吻]" },
     { "credentialName" : "[左太极]" },
     { "credentialName" : "[右太极]" },
     { "credentialName" : "[闭嘴]" },
     { "credentialName" : "[猫咪]" },
     { "credentialName" : "[红双喜]" },
     { "credentialName" : "[鞭炮]" },
     { "credentialName" : "[红灯笼]" },
     { "credentialName" : "[麻将]" },
     { "credentialName" : "[麦克风]" },
     { "credentialName" : "[礼品袋]" },
     { "credentialName" : "[信封]" },
     { "credentialName" : "[象棋]" },
     { "credentialName" : "[彩带]" },
     { "credentialName" : "[蜡烛]" },
     { "credentialName" : "[爆筋]" },
     { "credentialName" : "[棒棒糖]" },
     { "credentialName" : "[奶瓶]" },
     { "credentialName" : "[面条]" },
     { "credentialName" : "[香蕉]" },
     { "credentialName" : "[飞机]" },
     { "credentialName" : "[左车头]" },
     { "credentialName" : "[车厢]" },
     { "credentialName" : "[右车头]" },
     { "credentialName" : "[多云]" },
     { "credentialName" : "[下雨]" },
     { "credentialName" : "[钞票]" },
     { "credentialName" : "[熊猫]" },
     { "credentialName" : "[灯泡]" },
     { "credentialName" : "[风车]" },
     { "credentialName" : "[闹钟]" },
     { "credentialName" : "[彩球]" },
     { "credentialName" : "[钻戒]" },
     { "credentialName" : "[沙发]" },
     { "credentialName" : "[纸巾]" },
     { "credentialName" : "[手枪]" },
     { "credentialName" : "[青蛙]" },
 ]