[
    { "credentialName" : "😄" },
    { "credentialName" : "😀" },
    { "credentialName" : "😁" },
    { "credentialName" : "😂" },
    { "credentialName" : "😃" },
    { "credentialName" : "😅" },
    { "credentialName" : "😆" },
    { "credentialName" : "😇" },
    { "credentialName" : "😉" },
    { "credentialName" : "😊" },
    { "credentialName" : "😋" },
    { "credentialName" : "😌" },
    { "credentialName" : "😍" },
    { "credentialName" : "😎" },
    { "credentialName" : "😏" },
    { "credentialName" : "😐" },
    { "credentialName" : "😑" },
    { "credentialName" : "😒" },
    { "credentialName" : "😓" },
    { "credentialName" : "😔" },
    { "credentialName" : "😕" },
    { "credentialName" : "😖" },
    { "credentialName" : "😗" },
    { "credentialName" : "😘" },
    { "credentialName" : "😙" },
    { "credentialName" : "😚" },
    { "credentialName" : "😛" },
    { "credentialName" : "😜" },
    { "credentialName" : "😝" },
    { "credentialName" : "😞" },
    { "credentialName" : "😟" },
    { "credentialName" : "😠" },
    { "credentialName" : "😡" },
    { "credentialName" : "😢" },
    { "credentialName" : "😣" },
    { "credentialName" : "😤" },
    { "credentialName" : "😥" },
    { "credentialName" : "😦" },
    { "credentialName" : "😧" },
    { "credentialName" : "😨" },
    { "credentialName" : "😩" },
    { "credentialName" : "😪" },
    { "credentialName" : "😫" },
    { "credentialName" : "😬" },
    { "credentialName" : "😭" },
    { "credentialName" : "😮" },
    { "credentialName" : "😯" },
    { "credentialName" : "😰" },
    { "credentialName" : "😱" },
    { "credentialName" : "😲" },
    { "credentialName" : "😳" },
    { "credentialName" : "😴" },
    { "credentialName" : "😵" },
    { "credentialName" : "😶" },
    { "credentialName" : "😷" },
    { "credentialName" : "💩" },
    { "credentialName" : "👼" },
    { "credentialName" : "😸" },
    { "credentialName" : "😹" },
    { "credentialName" : "😺" },
    { "credentialName" : "😻" },
    { "credentialName" : "😼" },
    { "credentialName" : "😽" },
    { "credentialName" : "😾" },
    { "credentialName" : "😿" },
    { "credentialName" : "🙀" },
    { "credentialName" : "🙅" },
    { "credentialName" : "🙆" },
    { "credentialName" : "🙇" },
    { "credentialName" : "🙋" },
    { "credentialName" : "🙌" },
    { "credentialName" : "🙍" },
    { "credentialName" : "🙎" },
    { "credentialName" : "🙏" },
    { "credentialName" : "👦" },
    { "credentialName" : "👧" },
    { "credentialName" : "👨" },
    { "credentialName" : "👩" },
    { "credentialName" : "👪" },
    { "credentialName" : "👫" },
    { "credentialName" : "👬" },
    { "credentialName" : "👭" },
    { "credentialName" : "👮" },
    { "credentialName" : "👯" },
    { "credentialName" : "👰" },
    { "credentialName" : "👱" },
    { "credentialName" : "👲" },
    { "credentialName" : "👳" },
    { "credentialName" : "👴" },
    { "credentialName" : "👵" },
    { "credentialName" : "👶" },
    { "credentialName" : "👷" },
    { "credentialName" : "👸" },
    { "credentialName" : "💁" },
    { "credentialName" : "💂" },
    { "credentialName" : "💏" },
    { "credentialName" : "💑" },
    { "credentialName" : "🚶" },
    { "credentialName" : "👽" },
    { "credentialName" : "👻" },
    { "credentialName" : "👹" },
    { "credentialName" : "👺" },
    { "credentialName" : "😈" },
    { "credentialName" : "👿" },
    { "credentialName" : "🙈" },
    { "credentialName" : "🙉" },
    { "credentialName" : "🙊" },
    { "credentialName" : "💓" },
    { "credentialName" : "💔" },
    { "credentialName" : "💕" },
    { "credentialName" : "💖" },
    { "credentialName" : "💗" },
    { "credentialName" : "💘" },
    { "credentialName" : "💙" },
    { "credentialName" : "💚" },
    { "credentialName" : "💛" },
    { "credentialName" : "💜" },
    { "credentialName" : "💝" },
    { "credentialName" : "💞" },
    { "credentialName" : "💟" },
    { "credentialName" : "💠" },
    { "credentialName" : "💡" },
    { "credentialName" : "🌸" },
    { "credentialName" : "🌹" },
    { "credentialName" : "🌺" },
    { "credentialName" : "🌻" },
    { "credentialName" : "👀" },
    { "credentialName" : "👂" },
    { "credentialName" : "👃" },
    { "credentialName" : "👄" },
    { "credentialName" : "👅" },
    { "credentialName" : "👆" },
    { "credentialName" : "👇" },
    { "credentialName" : "👈" },
    { "credentialName" : "👉" },
    { "credentialName" : "👊" },
    { "credentialName" : "👋" },
    { "credentialName" : "👌" },
    { "credentialName" : "👍" },
    { "credentialName" : "👎" },
    { "credentialName" : "👏" },
    { "credentialName" : "🖖" },
    { "credentialName" : "✊" },
    { "credentialName" : "✋" },
    { "credentialName" : "💪" },
]