{
  "images" : [
    {
      "size" : "29x29",
      "idiom" : "iphone",
      "filename" : "xl_appicon_58.png",
      "scale" : "2x"
    },
    {
      "size" : "29x29",
      "idiom" : "iphone",
      "filename" : "xl_appicon_87.png",
      "scale" : "3x"
    },
    {
      "size" : "40x40",
      "idiom" : "iphone",
      "filename" : "xl_appicon_80-1.png",
      "scale" : "2x"
    },
    {
      "size" : "40x40",
      "idiom" : "iphone",
      "filename" : "xl_appicon_120-1.png",
      "scale" : "3x"
    },
    {
      "size" : "60x60",
      "idiom" : "iphone",
      "filename" : "xl_appicon_120.png",
      "scale" : "2x"
    },
    {
      "idiom" : "iphone",
      "size" : "60x60",
      "scale" : "3x"
    },
    {
      "idiom" : "ipad",
      "size" : "29x29",
      "scale" : "1x"
    },
    {
      "idiom" : "ipad",
      "size" : "29x29",
      "scale" : "2x"
    },
    {
      "idiom" : "ipad",
      "size" : "40x40",
      "scale" : "1x"
    },
    {
      "idiom" : "ipad",
      "size" : "40x40",
      "scale" : "2x"
    },
    {
      "size" : "76x76",
      "idiom" : "ipad",
      "filename" : "xl_appicon_76.png",
      "scale" : "1x"
    },
    {
      "size" : "76x76",
      "idiom" : "ipad",
      "filename" : "xl_appicon_152.png",
      "scale" : "2x"
    },
    {
      "idiom" : "ipad",
      "size" : "83.5x83.5",
      "scale" : "2x"
    }
  ],
  "info" : {
    "version" : 1,
    "author" : "xcode"
  }
}